Date,Description,Amount,Running Bal.
08/01/2026,LAKESHORE PROPERTIES RENT,"-2,400.00","3,247.48"
08/03/2026,ZELLE PAYMENT FROM MORGAN AVERY,"1,200.00","4,447.48"
08/04/2026,ONLINE TRANSFER TO SAV ...5678,-500.00,"3,947.48"
08/06/2026,COMED ELECTRIC,-138.75,"3,808.73"
08/07/2026,MERIDIAN CAP ACH PAYROLL,"3,412.77","7,221.50"
08/07/2026,VENMO CASHOUT,600.00,"7,821.50"
08/12/2026,XFINITY,-89.99,"7,731.51"
08/13/2026,JEWEL-OSCO #3421,-112.06,"7,619.45"
08/18/2026,T-MOBILE,-75.00,"7,544.45"
08/20/2026,SUMMIT CARD SERVICES PAYMENT,"-1,000.00","6,544.45"
08/21/2026,MERIDIAN CAP ACH PAYROLL,"3,412.77","9,957.22"
08/21/2026,PEOPLES GAS,-38.90,"9,918.32"
08/22/2026,SUMMIT CARD SVCS AMEX PYMT,-116.00,"9,802.32"
08/26/2026,SHELL OIL 57442,-48.90,"9,753.42"
08/28/2026,ZELLE PAYMENT TO CHRIS PARK,-300.00,"9,453.42"
