Transaction Date,Post Date,Description,Type,Amount,Status
08/30/2026,09/01/2026,AMAZON.COM*2K4 AMZN.COM/BILL,Sale,62.50,Posted
09/06/2026,09/06/2026,TRADER JOE S #702,Sale,73.40,Posted
09/10/2026,09/10/2026,WALGREENS #5821,Sale,22.10,Posted
09/13/2026,09/13/2026,UBER TRIP,Sale,27.60,Posted
09/19/2026,09/19/2026,PAYMENT - THANK YOU,Payment,-1200.00,Posted
09/21/2026,09/21/2026,TRADER JOE S #702,Sale,61.18,Posted
09/26/2026,09/26/2026,NETFLIX.COM,Sale,15.49,Posted
09/27/2026,09/27/2026,CHIPOTLE 1192,Sale,14.95,Posted
09/30/2026,09/30/2026,INTEREST CHARGE ON PURCHASES,Interest,18.72,Posted
